S00001 , 创汇信息有限公司 , 四川省旭市永川合山路c座 694719 , 236-719-104
S00002 , 创亿传媒有限公司 , 陕西省齐齐哈尔市龙潭井路s座 831898 , 814-184-126
S00003 , 艾提科信信息有限公司 , 四川省丽娟县朝阳阜新路G座 264825 , 790-810-237
S00004 , 戴硕电子网络有限公司 , 江西省勇市龙潭南宁街G座 132623 , 213-689-435
S00005 , 创汇信息有限公司 , 黑龍江省飞市蓟州通辽街e座 141064 , 315-108-617
S00006 , 国讯信息有限公司 , 福建省云市闵行欧街o座 539784 , 730-528-960
S00007 , 立信电子信息有限公司 , 内蒙古自治区沈阳市南长兴安盟街A座 324290 , 298-689-779
S00008 , 天益科技有限公司 , 湖南省深圳市大兴海街i座 441376 , 884-122-656
S00009 , 新格林耐特网络有限公司 , 江西省海口市花溪门路a座 518764 , 810-152-449
S00010 , 商软冠联传媒有限公司 , 吉林省宁德县普陀扶街c座 354426 , 727-835-723
S00011 , 黄石金承网络有限公司 , 河南省兰州县东丽尚路x座 935602 , 190-624-477
S00012 , 维涛网络有限公司 , 甘肃省玉华县长寿淮安街A座 673509 , 559-806-861
S00013 , 开发区世创网络有限公司 , 陕西省东莞县安次石家庄路D座 907898 , 390-769-773
S00014 , 鸿睿思博传媒有限公司 , 吉林省霞市沙湾兴城街W座 818674 , 243-684-140
S00015 , 济南亿次元科技有限公司 , 辽宁省军县高坪南京路R座 728446 , 312-307-616
S00016 , 万迅电脑网络有限公司 , 山西省佛山市淄川哈尔滨街N座 614291 , 465-427-423
S00017 , 飞利信科技有限公司 , 浙江省艳市崇文康路j座 554392 , 553-167-285
S00018 , 彩虹科技有限公司 , 陕西省济南市滨城兴城路I座 317084 , 774-552-447
S00019 , 中建创业科技有限公司 , 福建省西宁市上街石家庄路u座 905986 , 109-604-775
S00020 , 方正科技信息有限公司 , 甘肃省太原市翔安合肥街P座 400988 , 606-881-781
S00021 , 迪摩传媒有限公司 , 安徽省哈尔滨市高港西安街m座 224780 , 390-566-287
S00022 , 商软冠联科技有限公司 , 贵州省秀华市秀英深圳街Y座 226894 , 512-497-253
S00023 , 昊嘉信息有限公司 , 内蒙古自治区邯郸市永川重庆路G座 538929 , 316-757-788
S00024 , 趋势网络有限公司 , 甘肃省杰市龙潭南昌街b座 166400 , 487-515-815
S00025 , 立信电子科技有限公司 , 江西省哈尔滨市六枝特符街C座 561367 , 803-261-214
S00026 , 飞海科技信息有限公司 , 山西省六盘水县璧山夏路U座 479922 , 548-513-449
S00027 , 鸿睿思博传媒有限公司 , 陕西省平市清河欧路f座 687956 , 963-786-137
S00028 , 迪摩网络有限公司 , 山东省辽阳县梁平淮安路b座 663778 , 737-103-205
S00029 , 信诚致远传媒有限公司 , 四川省北镇县高港关岭路M座 722788 , 703-494-849
S00030 , 合联电子网络有限公司 , 广东省成市崇文笪路y座 457635 , 101-915-483
S00031 , 晖来计算机信息有限公司 , 陕西省南昌市双滦韦路S座 571773 , 446-288-142
S00032 , 天开传媒有限公司 , 宁夏回族自治区建军市高港太原路c座 551327 , 724-712-308
S00033 , 开发区世创科技有限公司 , 江苏省刚县璧山郎路c座 518709 , 442-969-823
S00034 , 超艺科技有限公司 , 河北省浩市东丽左路q座 945978 , 478-328-750
S00035 , 网新恒天网络有限公司 , 海南省秀荣县合川路街V座 713367 , 927-656-144
S00036 , 凌云网络有限公司 , 山西省澳门县萧山强路M座 715340 , 572-892-515
S00037 , 联通时科信息有限公司 , 海南省晶市清浦秦街i座 154293 , 151-729-708
S00038 , 信诚致远传媒有限公司 , 辽宁省潜江市南湖司路n座 315829 , 345-808-794
S00039 , 群英科技有限公司 , 辽宁省天津县滨城太路j座 873041 , 137-224-419
S00040 , 新宇龙信息科技有限公司 , 内蒙古自治区嘉禾县锡山澳门街g座 288362 , 356-795-395
S00041 , 精芯信息有限公司 , 江西省长春县秀英辽阳路q座 110047 , 268-397-694
S00042 , 七喜传媒有限公司 , 广西壮族自治区杰市孝南高街u座 378302 , 444-404-110
S00043 , 浦华众城科技有限公司 , 贵州省宇市淄川洪路T座 797074 , 437-360-950
S00044 , 方正科技信息有限公司 , 河南省玲县璧山东莞路J座 284291 , 935-929-991
S00045 , 飞利信信息有限公司 , 湖北省丹丹市沙湾葛街V座 371652 , 608-412-349
S00046 , 海创信息有限公司 , 青海省刚县清城澳门路l座 720735 , 826-389-449
S00047 , 惠派国际公司网络有限公司 , 江西省沈阳县海港沙路O座 703897 , 599-799-281
S00048 , 昂歌信息传媒有限公司 , 内蒙古自治区琴县清河段街Q座 437107 , 994-886-644
S00049 , 飞海科技科技有限公司 , 江西省南宁县崇文於路Y座 548472 , 594-725-304
S00050 , 巨奥信息有限公司 , 山西省秀珍县白云成都路I座 589187 , 843-505-367
S00051 , 图龙信息信息有限公司 , 山西省鹏市大兴西宁路j座 329972 , 958-562-228
S00052 , 国讯科技有限公司 , 四川省澳门县锡山六安路A座 173810 , 480-176-294
S00053 , 恩悌网络有限公司 , 西藏自治区辽阳市上街项街m座 157929 , 426-258-103
S00054 , 天益传媒有限公司 , 江西省冬梅县吉区缑街M座 671264 , 203-663-697
S00055 , 商软冠联传媒有限公司 , 山西省兴安盟市房山海口街w座 987362 , 582-379-269
S00056 , 联通时科传媒有限公司 , 安徽省东市清河拉萨路z座 722530 , 431-201-630
S00057 , 明腾科技有限公司 , 内蒙古自治区红梅县孝南梁街y座 679285 , 781-735-278
S00058 , 戴硕电子科技有限公司 , 甘肃省玉英市友好计路m座 725878 , 846-100-302
S00059 , 天开网络有限公司 , 福建省兰州县清城东莞街A座 825306 , 288-661-461
S00060 , 鑫博腾飞科技有限公司 , 山西省马鞍山县西峰彭路u座 174337 , 401-436-642
S00061 , 开发区世创科技有限公司 , 青海省云市高坪索街A座 768872 , 980-404-909
S00062 , 创联世纪网络有限公司 , 广东省艳市大兴郑州路F座 529324 , 789-473-191
S00063 , 创联世纪信息有限公司 , 安徽省桂花县吉区六盘水街b座 178908 , 910-350-213
S00064 , 国讯信息有限公司 , 山东省宜都市南长长沙路c座 468462 , 963-727-460
S00065 , 泰麒麟网络有限公司 , 浙江省广州市海陵马街R座 267272 , 346-176-230
S00066 , 天开科技有限公司 , 贵州省平市静安却街x座 490077 , 756-680-324
S00067 , 华远软件科技有限公司 , 云南省鑫市永川阜新路b座 771813 , 656-137-788
S00068 , 华成育卓传媒有限公司 , 黑龍江省伟县普陀金路M座 741073 , 269-834-370
S00069 , 信诚致远科技有限公司 , 黑龍江省张家港县梁平辛集街H座 695506 , 736-390-801
S00070 , 商软冠联信息有限公司 , 新疆维吾尔自治区石家庄市淄川汕尾路O座 193006 , 809-374-162
S00071 , 戴硕电子传媒有限公司 , 黑龍江省哈尔滨县牧野太原路V座 588915 , 225-127-788
S00072 , 明腾网络有限公司 , 湖北省建县白云胡街P座 947669 , 969-306-144
S00073 , 太极科技有限公司 , 吉林省凯市蓟州兴城街q座 879998 , 141-565-757
S00074 , 鑫博腾飞传媒有限公司 , 贵州省深圳市黄浦臧街m座 227314 , 672-592-446
S00075 , 国讯信息有限公司 , 辽宁省辉市大东长春路b座 311729 , 223-242-759
S00076 , 南康传媒有限公司 , 海南省瑜市大兴荆门街r座 254105 , 497-832-450
S00077 , 晖来计算机信息有限公司 , 安徽省南京市海陵合肥街X座 633948 , 506-124-405
S00078 , 东方峻景传媒有限公司 , 辽宁省辽阳市西夏杭州路f座 694356 , 285-540-865
S00079 , 同兴万点传媒有限公司 , 内蒙古自治区桂珍市和平东街y座 670425 , 572-902-578
S00080 , 四通传媒有限公司 , 河北省玉兰县沙市齐齐哈尔街n座 336910 , 347-355-671
S00081 , 群英信息有限公司 , 河北省柳州市静安颛街Y座 641411 , 596-201-574
S00082 , 商软冠联信息有限公司 , 黑龍江省巢湖县永川丘路P座 512154 , 590-834-935
S00083 , 华泰通安信息有限公司 , 吉林省香港市和平惠州路T座 704353 , 652-861-650
S00084 , 泰麒麟信息有限公司 , 江苏省浩县长寿蒋街X座 611506 , 875-211-905
S00085 , 南康科技有限公司 , 西藏自治区小红县上街呼和浩特路m座 506298 , 935-915-952
S00086 , 商软冠联传媒有限公司 , 云南省成都县清浦宰路D座 570688 , 638-176-836
S00087 , 创亿科技有限公司 , 福建省南宁市东丽荀路T座 292107 , 929-278-769
S00088 , 时空盒数字网络有限公司 , 西藏自治区南宁市清河郎路e座 196444 , 846-500-419
S00089 , 商软冠联网络有限公司 , 新疆维吾尔自治区建市房山齐齐哈尔街w座 925289 , 833-452-556
S00090 , 超艺网络有限公司 , 新疆维吾尔自治区关岭市山亭冀路y座 790733 , 763-234-336
S00091 , 创亿网络有限公司 , 福建省哈尔滨市滨城西宁路j座 127449 , 102-810-864
S00092 , 万迅电脑网络有限公司 , 江苏省桂英市崇文长春街c座 499921 , 502-568-663
S00093 , 迪摩科技有限公司 , 黑龍江省惠州市大兴谭路B座 802197 , 437-812-384
S00094 , 商软冠联传媒有限公司 , 河北省婷婷市金平郑州街S座 866300 , 297-761-688
S00095 , 中建创业传媒有限公司 , 宁夏回族自治区秀梅市上街惠州路o座 592584 , 719-449-581
S00096 , 诺依曼软件网络有限公司 , 陕西省佛山市和平琴街T座 520779 , 662-259-637
S00097 , 通际名联网络有限公司 , 湖南省香港县吉区丰街C座 616168 , 513-343-976
S00098 , 新宇龙信息科技有限公司 , 四川省海燕县浔阳西宁街C座 279886 , 170-758-992
S00099 , 同兴万点科技有限公司 , 甘肃省燕市东丽东莞路x座 157437 , 830-255-266
S00100 , 快讯网络有限公司 , 湖北省广州市沈北新左街q座 127353 , 682-715-933
