yongdeng , 1 , Sr5WLdv5Lp , 青海省马鞍山县新城庄路f座 673955 , 13544764801
ping84 , 1 , BjQ2GWYL4J , 黑龍江省杰市南湖南京路e座 560930 , 14599537365
wanjie , 1 , FR3DCuypy7 , 四川省郑州县大东荆门路L座 852954 , 18513553481
yan89 , 1 , 59Qb39uJ6x , 青海省武汉县永川余街E座 619558 , 15219687687
chao68 , 1 , 2X50ZrCqbX , 宁夏回族自治区武汉县沙湾能路H座 932840 , 18560709033
wei51 , 1 , jiFJ3pHg7J , 湖南省海口县翔安柳州路k座 174601 , 13622040823
dongyan , 1 , 7UgqBNQ60I , 浙江省红霞县沙湾钱街y座 543410 , 18601790395
jie86 , 1 , 6PVpzn6g74 , 青海省婷市西夏益路u座 118842 , 15363662689
xwei , 1 , MDSI9sNr18 , 云南省海门县孝南郑州路L座 660684 , 13326642713
fanghou , 1 , c0OXHc438k , 广西壮族自治区桂英市白云永安街S座 856114 , 18526003932
xiulantao , 1 , S5tIYPmpbB , 新疆维吾尔自治区哈尔滨市门头沟凌路F座 147505 , 13704684903
jiepan , 1 , Kg0Oxgkk8l , 浙江省雷县西峰赏街a座 357197 , 13890677642
gangliu , 1 , XatDqZv5K9 , 广东省宜都县长寿谭路v座 742564 , 15154347182
yang57 , 1 , 83BMTyuOLN , 黑龍江省兴安盟县魏都水路W座 835702 , 15317961985
kkang , 1 , vw581CzhNe , 黑龍江省萍市永川巢街g座 204360 , 13409955239
xia56 , 1 , KAG0ECTd1K , 江苏省春梅市大兴沈阳街I座 558330 , 13321574010
zhenggang , 1 , k9L1OeyAwg , 云南省呼和浩特市闵行高街r座 190995 , 15626830503
tangang , 1 , N8lBHgZi8m , 安徽省佳县海陵太原街e座 265301 , 18183988679
kqian , 1 , S6MThChTVL , 广西壮族自治区畅市六枝特嵇街c座 747714 , 13930775175
gjia , 1 , Tgn3X7Tbmn , 云南省台北市锡山马路j座 909015 , 15225878039
